willie,2.4562903864452705
biblical,2.456593203240736
storyline,2.458275089442326
beckham,2.4584912615161687
remove,2.4590119849303127
barber,2.459135072915121
lolita,2.4597590986761624
excuses,2.4599613322916847
jewel,2.461468167819967
promise,2.462144280316968
riveted,2.4631245593924325
swim,2.46595269698856
undeveloped,2.4674294231614873
pathos,2.468779935415336
ford,2.46987362616831
tempted,2.4751289526401843
illusions,2.4751696892104453
meloni,2.47542785101775
exposition,2.4776010443155796
squandered,2.4778582180916993
ratnam,2.4790949076171587
minnie,2.480446369481882
smoothly,2.4809849453062354
corpse,2.4810950213504674
kyle,2.4825410631409373
puppets,2.4830140002561416
alan,2.4839978864963435
glued,2.4840210755181893
about,2.484930990021
springer,2.4850888999044467
idiocracy,2.486138368334972
precode,2.4868799367367145
30s,2.488110452831166
asinine,2.4881296298853774
sensual,2.4894636919252244
myrna,2.490491030118287
consist,2.4906935776252763
takes,2.4924142189512093
cornfield,2.4933286936199517
who,2.4933502624653823
paths,2.4937963560199923
premingers,2.4940642664818053
pyun,2.496037368713006
grating,2.4966757150853356
bucks,2.498723830051497
tone,2.4988189993985133
landscape,2.4994509939702443
rourke,2.4994683515581615
aired,2.5007949795149056
disappoint,2.5054101279654883
hall,2.5057414280101566
panahi,2.5062491916977736
pearce,2.506911184895886
carlin,2.5072650809304977
wandered,2.507978993872379
rowlands,2.508092731420982
insufferable,2.5087775092423534
exercise,2.5102773981942565
dogtown,2.510296228707196
subsequent,2.5104450317865434
melville,2.5116176639405925
wilder,2.5117191446969445
anton,2.5117877380919533
faultless,2.5148777446428423
hanzo,2.5156328058332114
denver,2.5160655377630206
mastery,2.517222599259152
justin,2.5192717153071835
pickford,2.520348691152763
cringed,2.5204380974368226
braindead,2.522714622668699
zboys,2.5236245448328747
dixon,2.5237375691684694
favourites,2.5237977153070954
derivative,2.5240924307481976
sade,2.5243436952453417
infomercial,2.525926213839633
saddled,2.5262164887431533
marvel,2.5272795098292615
phony,2.5285516332780924
share,2.5290495432202227
tamura,2.5293237888762197
completists,2.529466082952119
simpson,2.5295004924909144
cheech,2.5314694754941494
talent,2.532261353758117
read,2.534763297908019
dump,2.535107954602056
ludicrously,2.5358292163200478
dickinson,2.536446706062638
accurate,2.5385166366298555
color,2.5394710344458384
penalty,2.5395229475687144
miyazakis,2.5399579565122252
difficulties,2.540071706268062
macready,2.5405880297486396
rosanna,2.542976070123717
natali,2.5438375684730357
hey,2.543846334618133
nightbreed,2.5451259269593747
holm,2.5451468567771163
five,2.5463681772051903
meters,2.5464723748458122
days,2.5466290661055213
harvest,2.5472921195069103
what,2.54768246860041
waco,2.5482928683543085
sen,2.551983331149551
awfulthe,2.5538118646932673
bogosian,2.5545838835929082
knowing,2.555909837412877
buffalo,2.5569252361517707
felt,2.5569728742013806
mulder,2.557738395506586
execution,2.562618342950562
delighted,2.5628178211636667
dismiss,2.5684112293715025
witless,2.5688015509702393
cost,2.5734335712687786
animatrix,2.574079273616257
himesh,2.5741520473909443
wagon,2.5757062056827897
country,2.5784887175071205
warner,2.5790005594830827
spellbinding,2.5792262724664408
tierney,2.5795359561360356
halfhearted,2.5826046031937455
gradually,2.582995021378552
sharky,2.5838278294457564
overacted,2.5855157326223597
hearn,2.5879000963661714
dunaway,2.587938660085941
sued,2.588504139660203
asking,2.5892162986999416
noah,2.589770015648806
overacts,2.591220033698123
libby,2.5912612562647386
pecker,2.5924854391624663
leung,2.592802112275206
advise,2.593556122482878
cheaper,2.5953703066280034
confused,2.595671794777119
existent,2.5963985430323357
guns,2.5976940453165023
fact,2.5977627086404254
smith,2.5978739351829945
hartleys,2.598009989721888
cagney,2.598660990202334
century,2.59910584965884
blondell,2.5991468054651077
myrtle,2.5998607812803156
cavemen,2.6009716991815193
fill,2.6022345233823563
couldve,2.604603186309646
maintains,2.605059677219402
stanley,2.6054852623339726
kindergarten,2.6060084662781016
guessed,2.607205376316433
quintessential,2.608215389652651
santa,2.6083674317434076
roy,2.6095273741089047
donate,2.6097498409453395
toxic,2.6103997087989486
fragile,2.6143608939332985
mcintyre,2.6147981610628737
offbeat,2.6159257925597745
taut,2.6167708847986577
sunrise,2.617205074988572
zu,2.6200614484359184
spinal,2.6210423986607436
gonna,2.6211680508783464
jonathan,2.622144079646195
saif,2.622960914976058
starts,2.6231610548135773
lowrent,2.6233914563983114
ealing,2.624076941539701
critters,2.626073080884132
bands,2.6271088251022388
light,2.627133472477375
nolans,2.6286030314480993
pbs,2.6286386505114137
happened,2.62976424663172
loosely,2.6308925997858204
godzilla,2.631256691797655
eko,2.631470087151471
cheerleader,2.6318657743535163
veidt,2.632353204327787
special,2.632425671552957
manure,2.6326324726674843
tadzio,2.6349029707107414
fairytale,2.6351219865197164
kurt,2.6351382049330025
pasdar,2.635265170522815
grateful,2.6353043869991897
dictator,2.6385743039945577
superlative,2.641495367279478
turturro,2.64162119719691
racist,2.6449777688965663
refreshingly,2.6453007718369683
intentions,2.645802794107113
struggle,2.6459444178588782
montana,2.6467448225463914
mantis,2.6471146481125523
fricker,2.647420300895101
ramón,2.647497397523861
resonates,2.6496845219109684
dry,2.6501387206811278
devgan,2.650176165659473
let,2.6536914086802375
performed,2.654755070932551
krell,2.6578153432342657
andre,2.6588238303156957
globe,2.6598746635801436
smooth,2.6614258147903413
masterson,2.6617449001589075
7510,2.6625562768772912
zetajones,2.6636141688996102
carlito,2.6639053226326554
sg1,2.664176826885373
success,2.665408781324637
vampire,2.6667155377398193
mraovich,2.6680357186183636
originality,2.6693061318113793
interesting,2.669794360092176
abhay,2.670211347581793
kung,2.670916682134152
sentimental,2.673504885566698
sings,2.675023396653568
stinking,2.6750647535762546
upbeat,2.6766398797312285
facing,2.6767506669413077
cheapest,2.676826595579974
rarity,2.6783940919922893
christie,2.6789686862046183
eighttitle,2.6824918224980916
rules,2.6844190402590886
morris,2.684840797224246
pitt,2.6860165870550317
olympia,2.6904711724983335
screw,2.6918649441795837
malkovich,2.692919285614388
living,2.693484063499426
seamless,2.6940495340874095
rewritten,2.6941793377127863
possible,2.6947685073369723
taped,2.69494339081683
word,2.695348597252595
poetry,2.6964367829791756
scorpion,2.6968189585290534
dullest,2.6970659476757537
builds,2.6980235039240945
fiasco,2.698033270698862
mencia,2.6998081363466913
nasa,2.700089829691928
disagree,2.703721260475038
tense,2.7040822043076425
tissues,2.704706383853578
crummy,2.70475007202156
memento,2.7068618180340582
japan,2.7069402979609793
creasy,2.7088091891388224
falk,2.7099412643735445
miklos,2.712538597321205
tremors,2.7127754232615526
peter,2.7135060825924997
monica,2.713712903399947
whining,2.7146104059559333
dieter,2.7151332415826595
kornbluth,2.7162206090685674
daily,2.7167252810290865
clumsy,2.717297191343576
obelix,2.720507893611723
ronny,2.7213107381087775
xmas,2.7214075997438893
italy,2.722468921500183
comic,2.724152830182526
shakespeares,2.7264219536593375
kazan,2.728990452588208
ta,2.7290616529107785
granger,2.730123434832774
cinema,2.7304455568557744
awkwardly,2.731387126628859
oppenheimer,2.7314416879676457
irene,2.732217553847101
seventitle,2.7327137671213206
gotham,2.734363201529573
store,2.734606476691187
gently,2.737958482433892
challenges,2.7417089622617192
gino,2.7417910772218184
georges,2.743062772976881
tales,2.7435825701102248
ineptitude,2.7448775546219037
durbin,2.7490560948057015
eisensteins,2.751719063657656
bellucci,2.7523633345286083
bla,2.7524663987356206
incredibly,2.75262277318251
edith,2.7526389819979196
start,2.7533079918936156
horny,2.7536976433423552
suspenseful,2.75539161861486
trashy,2.756759618328781
raped,2.759804248322908
dujardin,2.7611904743391187
needed,2.7660449856990503
look,2.766991968904035
fodder,2.7681948683551107
winters,2.768526396761658
darkman,2.768767717341343
line,2.7693384223352737
sooooo,2.7697800130137136
rave,2.771864056288636
adult,2.7735585978215616
murder,2.775212814903437
schtick,2.777010421310864
distasteful,2.777724000458669
rouge,2.7779216716972477
gerard,2.7806921183378135
direction,2.780706089129236
fault,2.780903383023151
streets,2.781127703667157
sirk,2.7828060498347504
pia,2.7833391166745827
sophomoric,2.7836093901558274
presumably,2.7841137975807575
sullivan,2.784955561826355
influential,2.785664653488461
swear,2.785720427755571
rukh,2.7909130799673108
effectively,2.7943386843003353
summed,2.7948981137999898
overcome,2.7960217451117773
babette,2.7960991616188475
117,2.7974864050461385
sign,2.79863927042011
raptor,2.7987731232477033
corbett,2.8005141726646867
20th,2.801235985957954
gigli,2.8014379786503887
kolchak,2.806910636057906
dear,2.807188673206035
box,2.8076505687070417
welldone,2.8080262370931255
horrigan,2.80985528673601
energetic,2.812245657408285
intimate,2.812516802247621
muppets,2.8133391738181195
vonneguts,2.8135438841568674
steamboat,2.813751958516058
aristocats,2.814021990797686
arty,2.81407901664745
really,2.8143619217989775
despair,2.8151837509151116
widmark,2.8154415882617405
duckling,2.815501386226421
layered,2.817888266604223
liu,2.817984039870674
omalley,2.818108597694182
versatility,2.818338921011357
bargain,2.8211273318182677
humanity,2.8212110639183696
blend,2.824829694181383
appalled,2.825865666309385
jackies,2.8271795989873043
spliced,2.8328714471917404
dealing,2.8338954107952112
combines,2.8342775720558375
standout,2.8343500700516735
vin,2.8356633461161294
1947,2.8381126983880405
harilal,2.8381478991740496
bolls,2.8382727823963854
ritter,2.8420439598108804
convoluted,2.8436108977426118
ingenious,2.8436658541378432
tightly,2.845182946118449
spoiler,2.846410159893023
danish,2.8483962738375794
mann,2.8499339250695024
cronenberg,2.850099825873762
mindnumbingly,2.850674788883846
humor,2.8527187669552125
rancid,2.8531361208291184
deftly,2.853140539555584
haphazard,2.855472924618941
1945,2.8561803385199744
clunky,2.8579214777829876
bergmans,2.858172734673177
fx,2.859194955765937
deathstalker,2.8606462434166224
hlots,2.8621079699943737
chicks,2.863992560592971
insulted,2.8643455883912834
antz,2.8693291413465345
individuals,2.8694197051787564
stale,2.8702053770048073
mumbling,2.8704713546180227
cue,2.870918053345206
showcases,2.872759753018455
sir,2.8729575185760448
homer,2.8756770767483886
shuttle,2.87772098223218
warehouse,2.8813280380319375
subjected,2.881973025628857
kharis,2.882745198971573
india,2.883463617761218
monotone,2.883592673425861
randomly,2.887444308620662
ned,2.888610355722398
malone,2.889233804052867
musicians,2.890497757640709
steer,2.895583531382925
telegraphed,2.89647636308722
hearts,2.897899922213913
films,2.899218454864605
stop,2.905824798568881
rocked,2.9060539939026024
merit,2.907342935857522
western,2.9078583169429786
strengths,2.90842010330271
shouldve,2.9089959667787237
funded,2.910354134052503
stretched,2.910879673430799
thrillers,2.910918919387104
hatchet,2.9109380337152975
preminger,2.913772764713765
alike,2.913775115917793
joyces,2.9152929181452825
went,2.915736017422459
suddenly,2.917357491054268
china,2.9185066734850587
tenant,2.920041234943025
nice,2.9223477020540427
stoned,2.9231323665019913
nazarin,2.9243041838046118
josie,2.924856783980518
married,2.9264872507858195
bots,2.9304199300351277
wartime,2.9305905122126035
concert,2.931330828908198
jules,2.9330961804004403
glad,2.933524087303012
ruins,2.9342293032288405
staring,2.934979922220264
hostel,2.9352192009019396
overrated,2.9357450096545725
skillfully,2.936183106045982
troll,2.9365594277814164
kellys,2.9407899695129998
lansbury,2.9412233232541283
serum,2.944134358220234
entranced,2.9443872399349282
waters,2.944557239632659
australian,2.9458267683740758
hoped,2.947966851656796
crime,2.9500179511368962
dirty,2.951527102956131
affecting,2.951822189660649
free,2.952446031260062
mia,2.9539189433078956
emil,2.95417363099643
bess,2.955193312854916
tear,2.9567563089707747
psychological,2.9570590353769504
longing,2.9593923581298167
ruby,2.961425597048285
september,2.9619284790398774
hamfisted,2.9621493323802226
heres,2.9631590235946224
compassion,2.9661942506946573
hopes,2.974199735868753
carpenters,2.975522681615689
vulnerable,2.977030415933524
sloppily,2.977350303178052
concept,2.9775088106107788
alice,2.977679299106975
jouvet,2.978222015624501
hopelessly,2.9783018824300784
feelgood,2.9786589899439733
material,2.9798909490837957
aids,2.980048093360388
steele,2.982999557622356
styles,2.9838235872401793
nobudget,2.984064683933976
englund,2.988639735079673
yet,2.9900367891966857
brilliance,2.9906348231780946
severed,2.992239356495487
demon,2.9945344559652813
batman,2.996436646036917
weaknesses,2.998859202466211
coop,2.999720340705612
conveniently,3.0001399993252114
shared,3.000728834594891
joan,3.002561787406715
gershwin,3.0035415110241512
hasselhoff,3.010330357511097
butchered,3.012371641046331
destiny,3.014736210820522
definitive,3.0172734989981493
sosuke,3.0201812815843523
gene,3.020939168192465
duchovny,3.0210287110145746
skateboarding,3.021143473238041
shorty,3.0232465977176814
puke,3.02378985575063
forest,3.024172286810117
rea,3.025971350608932
portraying,3.0322581857697317
mansfield,3.0369007069248526
ended,3.038033224917858
quibble,3.0416257814853083
presents,3.04361030973514
inspirational,3.045513356244583
moonwalker,3.0464939916023805
poorest,3.04660811100396
sides,3.046917788230347
ineffective,3.0470170663348375
visconti,3.047596342109972
trey,3.0483280214794206
mins,3.0486377620725023
die,3.048958276280019
ketchup,3.0493767088545143
give,3.0509302139985004
clone,3.051532813956398
complement,3.05215222425802
tori,3.0523662606226667
ultimatum,3.057083249993171
lance,3.057644996793866
delicious,3.0582857548420037
blatantly,3.058292786030358
dandy,3.058312974501442
tenderness,3.059111868161116
entertains,3.061868372011113
desmond,3.0625546491943396
attract,3.0646103097598685
wandering,3.065274378694935
assuming,3.066617204314614
show,3.0677040811271556
alvin,3.0680866290616713
corn,3.0683076959909803
fail,3.0689197932312933
deadon,3.0692298040899644
tell,3.069535527369725
comedic,3.0703694940326667
claptrap,3.0733961304927355
kieslowski,3.0752909482110304
sullavan,3.075507597176832
funding,3.0779486792858686
strongly,3.0798657141089913
lowbudget,3.0802062805502324
imaginative,3.0816793794850446
follows,3.082486559928408
werewolves,3.084110337153995
wellacted,3.0864842119827136
head,3.086815852631334
enhances,3.087655525067912
harrowing,3.088093073142893
pointlessly,3.0905431691890564
blatant,3.092985186379501
saudi,3.0932816027646703
mazzello,3.0944678354822317
spit,3.095213888657675
lava,3.09902496469706
pioneers,3.1024949317295536
cheaply,3.10300549593995
bynes,3.104429835677064
theme,3.1045961244939373
button,3.106215942353531
bill,3.107993004847178
wrestling,3.1084235634844584
feinstone,3.109641508627652
hacks,3.1115863962480548
sabu,3.1128191092722597
absolutely,3.1148078190614212
humour,3.1152277769335077
ride,3.115591049590414
determination,3.1172860179164252
divine,3.118493604721902
icarly,3.119578490425809
ariel,3.123257779504392
daniel,3.1235708821443566
uh,3.125585840183911
guilt,3.1260077316736785
yuck,3.1279764638882677
melancholy,3.128319424183009
crossfire,3.1333134904449143
struggles,3.1381688000734673
children,3.141591609015779
nomination,3.145602857019276
warning,3.146479606593939
vividly,3.1474822914628
depiction,3.14944977212139
caught,3.150372373420172
cope,3.150781687318391
killings,3.152468736584591
cannot,3.152707186762723
urban,3.152725865251135
kramer,3.1529534611489423
putrid,3.1531092401064136
grew,3.153948717406478
isolation,3.1544851902462963
stupider,3.1560747728387124
mercifully,3.157337986324344
inner,3.158152240437394
golden,3.1584201910122
nobody,3.1632313864282446
generation,3.1682291336981727
situation,3.16923676489869
said,3.170120303552019
cinderella,3.1715273290592316
shut,3.1733964828033354
scripts,3.1734107309798185
wax,3.174066295124404
boobs,3.1741993458292255
much,3.17551350003585
devastating,3.1756653333045852
suckered,3.1758352790097284
underdeveloped,3.1760548342306576
brat,3.176849815999628
sidney,3.1776903790050604
south,3.17780344841594
lincoln,3.177990792833178
faithful,3.178493434079056
momma,3.1785069870610982
bush,3.1787008706345685
tromeo,3.1836562362345004
chamberlain,3.1839572058910903
realities,3.184003970892149
multiplayer,3.1842139154151075
mutant,3.1852268204301026
lumet,3.1860777218499314
sorrow,3.189564145866611
france,3.191500034975994
pasted,3.1928622061669154
zucco,3.193791477167472
kei,3.1948263515969795
cultures,3.1970369906325864
razzie,3.1971839160364617
dragged,3.1974159695107405
frankie,3.1982470573766335
civil,3.1988082890275082
brazil,3.200113071038939
visual,3.2012087908853055
nada,3.203358145081428
out,3.2059702939874684
certainly,3.206628549653594
letdown,3.2075401494149416
askey,3.2080067411649065
heaton,3.2089517894803103
einstein,3.2138175794143415
trier,3.214966832476481
timing,3.215437681630266
traffik,3.21962065427026
ingrid,3.2209884632093777
puerile,3.2229293448218366
appreciation,3.2264461743204746
damme,3.226990751879906
victims,3.228241706393476
merkerson,3.2283892737240594
stories,3.230493515198222
beguiled,3.2353416493135314
howell,3.2383596722634707
crapfest,3.239566524538575
shred,3.2396038166482573
tiffany,3.247031018538676
cliches,3.2472605448078617
again,3.24948518908794
wow,3.2516156156708207
finely,3.2516699931443376
wheres,3.254561440651321
shower,3.2568611595478947
familiar,3.258040498984496
perspective,3.2580766040387967
stepmother,3.2584764463514935
cheung,3.2596248329002098
copy,3.2629654111144024
freddy,3.2630018015543882
stark,3.26414176267314
banal,3.268555654649158
carlitos,3.2697117334292924
summer,3.272055075515495
germany,3.2727560227720067
sera,3.273783948010692
astaire,3.274351054276337
truth,3.2746681492848695
haruhi,3.2747588705738733
threesome,3.275285956770751
plague,3.2819758589716552
received,3.282131249203217
feeble,3.284253961789144
tacky,3.290502197260998
cheadle,3.291023707288907
christians,3.2911515536423974
jack,3.2912545115880345
intensity,3.292451524172213
oscars,3.2935587534987643
inventive,3.294062966691424
miraculously,3.2941777346581107
matthaus,3.2963186826971667
brutal,3.2974983882944335
example,3.2980806478344427
mention,3.2982161633270604
selfindulgent,3.302215602190481
dustin,3.3028855949010847
magnificently,3.307456530998464
early,3.3120957097105146
mediocrity,3.312290387231179
clunker,3.3197941660536796
bikini,3.3215589927958433
geraldine,3.3233117013379037
peralta,3.323364094869402
nonetheless,3.323380730753014
brothers,3.3235401094043056
castle,3.323982166377417
venoms,3.3253922489770913
reba,3.3261576484130733
genuine,3.327067750253268
oz,3.327962046445685
juliet,3.3300500060541083
unmemorable,3.3319441066537516
bakshi,3.3321089922259954
lupino,3.3325220941270075
endearing,3.3348158364328215
henry,3.3359960124309684
monotonous,3.342402939147663
othello,3.3451475167620184
goldsworthys,3.3456443266620424
sublime,3.3461547336479205
gentleman,3.3465075419701495
lampoon,3.347697582198506
stands,3.348339441521196
loves,3.3495811739271613
shia,3.353309000641213
chucky,3.3535479520477116
title,3.3543309117797016
ultimate,3.355422976459351
among,3.355974774624734
tooth,3.359898569335146
engrossed,3.360656115718468
ralph,3.3620353458452676
stereotypes,3.370041068166662
powerfully,3.373289619653049
kells,3.3741762730734064
padded,3.3775653945492543
west,3.377790375264114
nevsky,3.381843154924889
alexander,3.382110002508874
antonioni,3.385740268612751
nolan,3.386003236589419
unpleasant,3.3867306500096914
mindless,3.3924453967571306
limp,3.392948652400764
gadget,3.3963950444817277
international,3.396945644702204
ill,3.398513895658657
tashan,3.3996523725411048
laugh,3.401390888038317
stopped,3.40359319631066
affection,3.404292016339171
voight,3.4049864667940772
drab,3.40534130433936
see,3.4075436832832557
chore,3.4128647759936657
madefortv,3.4152665103971307
redeemable,3.4194848237241366
credits,3.4203930543603
william,3.420546805034377
flynn,3.4233135097106557
cerebral,3.429734736531559
judith,3.4304200163887613
result,3.4344977699527655
illuminated,3.4357459267402914
onedimensional,3.436891491284152
helsing,3.4371260938145847
bat,3.4379842537525613
davies,3.4390889474061765
albums,3.4395958899597954
dassin,3.44161101776261
figured,3.4416698183798142
errors,3.4427223294611538
northam,3.4594259663108273
unimpressive,3.4597245384025905
scoop,3.4635338919152474
overacting,3.468086882583491
stink,3.4693954831419194
carrot,3.475267815887741
grave,3.4760605740534456
pulls,3.4787022597329846
environment,3.479356535342686
poetic,3.4807548619209028
seagals,3.482051774031576
padding,3.4840607920157662
chaplin,3.4889885228346698
anime,3.4896170631279184
ants,3.4933486623336254
yelling,3.4999020862763426
england,3.501931305699183
sasquatch,3.5054501428455453
mishima,3.507864804982967
him,3.5095325941750013
robert,3.5096265568027003
aimlessly,3.509996410895603
called,3.51032627131311
implausible,3.513875546316023
amir,3.5160210037768898
bmovies,3.517369414687328
burn,3.5183540255422647
finds,3.519588987438194
straight,3.5211445437506455
baseball,3.5229845037299174
ago,3.5239269239508593
myself,3.5257962596477364
adorable,3.5265310006735584
rehash,3.526914825103808
raoul,3.5269880947215455
dung,3.527176601506932
authentic,3.5290978177620307
albert,3.5356512877550346
detract,3.536157129755627
kareena,3.538558062522298
shame,3.5400536175815924
somewhere,3.5407564580291035
cobra,3.542300053137802
savalas,3.546714915834607
vulnerability,3.5478166871261525
leland,3.5483444441441643
ratso,3.5501579013819615
realism,3.5509452723037853
stereotyped,3.551348891245055
ninety,3.551405789283442
portman,3.551452809382151
fortunate,3.5534504369674376
may,3.554099622266585
dark,3.557537034633903
webb,3.5577466665705892
seamlessly,3.559562062608242
goldsworthy,3.5616780963628814
tonys,3.5640364965132694
put,3.566721814430318
disbelief,3.5678191839691578
most,3.568018371145337
winner,3.5698840073077154
letterman,3.5701197042887767
thoughtful,3.5733294635922475
streep,3.573428251627461
blends,3.575494716891659
woeful,3.5755595971546876
hartley,3.5766353575652
guttenberg,3.5834162083253656
uninspiring,3.5844570214615197
discernible,3.5882969253771178
thoughtprovoking,3.589493637438493
patient,3.5977889142694357
cheated,3.598226147854411
cabin,3.5995662056830806
footage,3.60118850778304
evie,3.604531060600042
has,3.607825539767676
desire,3.6113240613636846
boom,3.6124521045388676
anand,3.613039961995233
daylewis,3.620046286302708
balance,3.6223873270348506
up,3.625026597223286
sounds,3.625543471002901
midget,3.6266055842667635
rooney,3.628113008965742
reminds,3.6291055979754834
darker,3.629479923966347
kudos,3.630900566386572
disgraceful,3.6310053955614814
recognition,3.6340929249795546
mockery,3.6341807318114085
day,3.635388230397875
heartwrenching,3.635525770191399
gamera,3.6374628476162503
rififi,3.6377722236540118
czech,3.6379972140882764
wtf,3.6415451181039638
succeeds,3.642311646361131
cox,3.642731345416504
cooper,3.6466203196093327
wrenching,3.6559584496932045
mcdowell,3.6563891580030052
gypo,3.657212874188351
vincenzo,3.6587116205683237
dream,3.659590520509766
dismal,3.65962466730171
fears,3.6599211728823087
unexciting,3.660474614765124
leaden,3.6621305419533616
issues,3.6654969826412698
lovers,3.666002891694534
unnatural,3.6686633835552236
winning,3.669550139513407
carla,3.6702703178924825
daisies,3.6706931752946814
drunk,3.672821131756571
cringe,3.6748003860696556
kind,3.6773373531169873
disconnected,3.681548770799108
troubled,3.6816966726429294
relaxed,3.681737129923714
lighting,3.683675620601228
dirk,3.6843942114145416
scenes,3.684858252047766
cash,3.6882151640518073
steven,3.6909520608399946
cliche,3.691332151407989
jackson,3.694046594572347
wouldve,3.695096944357548
witherspoon,3.6954426967453884
parker,3.6976080751553697
in,3.699236581096053
stereotypical,3.700888470952066
essential,3.7062039410359877
astounding,3.7122287014542934
torn,3.7125397861132994
others,3.7131011329165187
future,3.713333363616279
daffy,3.716095491719111
older,3.718691235674165
dev,3.7192341313542743
postwar,3.7209028107744255
fits,3.7212961115122187
arent,3.7309734706936464
paperthin,3.737766713490265
complaint,3.739269373834719
try,3.7406539387759494
voodoo,3.7410412504413033
unsympathetic,3.7441562122031837
rewrite,3.74547861928672
collection,3.745767271006107
rambling,3.747466751788651
sickening,3.7499524205788646
agreed,3.750310986898543
refund,3.7549901739586424
dinosaur,3.755775914130723
poirot,3.756809882668715
social,3.7578054947407677
moron,3.758109849323435
silent,3.758306472207496
marginally,3.7592156694725682
together,3.760640355384966
fords,3.76274052014885
venice,3.771990826423841
inexplicably,3.7744422610489723
turgid,3.7748868369088555
clothes,3.7757852689317932
radio,3.7769189388271602
downright,3.7802106582810207
claus,3.7817046041773397
imitation,3.7907133786652163
space,3.791533158033028
transcends,3.7929783677811377
experiences,3.797832571218109
gratuitous,3.8049738720922845
existenz,3.8053437871043942
paranormal,3.8063198284395057
lindy,3.8148141149886188
colorful,3.814870464450461
consists,3.8156509517408947
rose,3.816410475829974
untalented,3.818307229038888
tomatoes,3.8213435654899266
video,3.8231108075894693
marvelously,3.8274031109919733
somehow,3.8292404460093263
meandering,3.8296215704211205
portrays,3.8299749004139407
learns,3.835395831149388
interminable,3.836338461596887
recycled,3.838457991425722
loyalty,3.8434595999545103
kitty,3.853529367401231
rickman,3.8555504200677246
drew,3.8556260442028405
reveals,3.855926643791938
sloppy,3.856048111547215
uninvolving,3.8564246544138507
rubber,3.8579229150996928
skull,3.85869347914472
evan,3.8615827931127895
antichrist,3.8649421787906766
knockout,3.865376035459396
impeccable,3.8660251756554183
polanski,3.870452603968115
sleeper,3.871598427265349
saw,3.8724567114563517
adele,3.8734466593646335
rotten,3.873782251787536
filth,3.8756816981032896
everyone,3.8792486492234706
heck,3.879856779945075
than,3.880090947943634
vinnie,3.883765884148825
sense,3.8841362188073303
posey,3.8863608001033043
woven,3.889528933814248
filler,3.89206057203142
shameless,3.8980370340375536
relax,3.9010713353099273
immensely,3.9069193771512354
warmth,3.9074811200251593
europe,3.909984098165827
single,3.910937273442445
inspired,3.921281693301168
outer,3.924376850707776
walsh,3.9246297293862313
kpax,3.9356013729654813
miserable,3.9362954141965982
definite,3.9363548003550344
masterfully,3.9394854016437
conveys,3.9426030685454556
marriage,3.950614560979288
hayworth,3.952940419574423
happens,3.956862160364481
inaccurate,3.957420005999178
triumph,3.9593319451607383
thunderbirds,3.9631149889981163
preposterous,3.972778139742056
makes,3.973560171763129
but,3.978770133634546
musicals,3.9797602550128746
awfully,3.9892304668196825
achievement,3.99002096403933
pixote,3.993703187853273
tsui,3.9970901365189553
hire,3.997647976220295
female,4.000930479411982
gandhi,4.005259288629129
eaten,4.00703046662891
cliched,4.007630821825933
grendel,4.009730723946335
bomb,4.009987403498217
philo,4.011264228245164
dance,4.012998409192259
innocent,4.013100529294039
fastforward,4.01345378126971
teeth,4.0153454254383085
left,4.018622131940411
robinson,4.02500308035358
dollar,4.027151445576887
deep,4.027921364766987
amateurs,4.029573640695117
become,4.034631514161724
biggest,4.034656717025326
kermit,4.038699897372574
atrocity,4.043444925284891
wondering,4.044593897657496
spirit,4.047977314687106
blake,4.0491822020038555
history,4.055799677502914
grint,4.057813313125513
academy,4.0598845080697465
huh,4.0623359814765
ajay,4.064129588297172
eerie,4.066768488874622
released,4.074757285871646
paced,4.077892940991006
passion,4.078641590957403
virus,4.085731107080097
slow,4.090942196027449
caligula,4.091985870124137
giallo,4.095582395670483
hollow,4.095734691459071
mouth,4.099254692790007
wider,4.099594361482573
passable,4.102269814104703
whoever,4.103208412423067
veronika,4.1044188632279
buster,4.104649173180237
wig,4.108085172553311
assume,4.109741697186918
alltime,4.113416658162243
riddick,4.116420727230064
engaging,4.1165421083989315
mask,4.117739985535081
pedestrian,4.117947004449734
pathetically,4.1220579808204345
master,4.125824204585548
technicolor,4.133777636803721
velvet,4.134135413649476
devotion,4.143656903930925
packed,4.145729325186731
gun,4.146085116057828
started,4.146374490653477
motivation,4.148191246167702
running,4.150097772643079
lower,4.151812857869542
tired,4.152783569216561
paycheck,4.153996998774474
concorde,4.157021544931835
award,4.1578990100974655
brosnan,4.157999123135478
shorts,4.1592611765252325
slap,4.172010344660997
impact,4.175092911723874
giant,4.176005174953328
greatly,4.1778600134363595
nan,4.181650771150139
von,4.183281693122302
small,4.183711023831532
throwing,4.190555654231607
hare,4.198140990366674
age,4.198401292820097
entire,4.204099201200783
eater,4.20516395639579
astonishing,4.205716465075788
remembered,4.207983886123449
hackman,4.209651350493997
peters,4.210332218118255
octopus,4.210481402064247
turned,4.219471383615734
sammo,4.220347875032862
bruno,4.22155347361911
pfeiffer,4.222652309727784
mclaglen,4.2313972878728965
aztec,4.235224849126803
wang,4.2359436652977305
socalled,4.236682003453355
shot,4.238006414211942
odyssey,4.242836498868057
song,4.243207987828923
breasts,4.244878035430004
explained,4.249135367574713
glover,4.2521286085434635
widescreen,4.2599840228024615
kline,4.260676721477989
inappropriate,4.260953220729917
development,4.266104418532057
appallingly,4.267146836901281
747,4.269239207707419
mother,4.275479441950173
purpose,4.290496503717852
salvage,4.291535066504439
deathtrap,4.296283364636511
slightest,4.311017215005799
ed,4.31589174762232
hitchcock,4.318331772657144
tedium,4.3256531600744434
absorbing,4.340866715593757
carries,4.344502126191017
plodding,4.3493876800460995
tender,4.351710687528552
sht,4.353828753077767
blandings,4.358285641325429
julie,4.3589894143199555
darius,4.3603950903142
kinnear,4.362778650978247
lundgren,4.364302511417405
motions,4.366363524548579
deserves,4.367620528894246
stewarts,4.369917196131382
shark,4.372526411739781
prue,4.373192084913448
contrast,4.376332812836475
accessible,4.376374623579762
cummings,4.3770330453248025
reviews,4.382240356907455
brainless,4.392173444098081
yokai,4.394449430046312
dien,4.399560110335856
misfortune,4.403550272902658
book,4.410322598118216
simply,4.41337430971584
mst,4.416088729764253
80,4.417810364574727
impressive,4.422197890044025
brite,4.424689105675837
accents,4.425583194460538
unbearable,4.42605129979477
slugs,4.427994351559951
monstrosity,4.42868465520612
monkees,4.432508393142811
stellar,4.432910565513552
asterix,4.433301571105604
too,4.437580548867933
dolph,4.438354091124653
exorcism,4.440984646927138
deanna,4.444883939793407
makeup,4.446612969902707
substance,4.446704994221422
glorious,4.449584538900881
15,4.457278279467188
watson,4.459095494457053
release,4.469074391428977
rewarding,4.472293619585333
chick,4.474011486831539
brashear,4.47418498600099
images,4.4779097223902085
car,4.482088303962907
twists,4.483793815566667
gromit,4.485500327340704
alas,4.486380988319222
vivid,4.488269506478616
holds,4.488916087863963
emotionally,4.490101130886856
magical,4.490759835821607
excruciating,4.49161179579799
dancing,4.492222246869078
torture,4.49362714619711
quite,4.495375238573193
rangers,4.495575725027473
vomit,4.497074275093096
dahmer,4.497476476138667
lets,4.501118002654771
allows,4.502716545808127
loser,4.50317662428985
explain,4.504253032172861
famous,4.505040015848896
he,4.51214228405397
reality,4.515475581005644
wellwritten,4.515892611768103
pass,4.516794885860717
lamest,4.5204183516809024
gackt,4.521492570252315
garfield,4.522459845288344
walk,4.525071749559412
late,4.527771240561913
mature,4.531522938271212
n64,4.532726743894269
victor,4.541609265587539
man,4.542711407630319
franchise,4.544418401052989
walter,4.545433957937503
is,4.555676971238585
gunga,4.5623422699793075
bit,4.564912013952966
surprising,4.570325557499624
whiny,4.571583930434496
surreal,4.574290005708907
delicate,4.574911148349198
movies,4.5750850600461135
iq,4.577122769113054
score,4.583341470554655
layers,4.586778791948324
someones,4.589551507440421
plods,4.595330393544302
magic,4.600279998756877
say,4.608897741911745
draws,4.608942525791358
restored,4.625511520789274
blues,4.6260591179858235
paris,4.6278251848831875
ha,4.630281927465942
winchester,4.634821699718296
culture,4.635652047542498
deserve,4.6360211392436215
engrossing,4.638631796981356
pay,4.6454102169512925
wretched,4.648200456839462
times,4.650329703210554
enthralling,4.652320234205257
choppy,4.652436068900469
woods,4.652907635861679
consequences,4.654225200219763
truly,4.6727092929502785
talking,4.6835352776677786
devoid,4.687982639402534
york,4.689069834966873
unfolds,4.692988628400057
marie,4.703574939598594
deliciously,4.708244201396578
brooks,4.715694886711509
wearing,4.7181581127124606
jean,4.720157139831909
alien,4.723322192994781
provoking,4.728784771648968
shaq,4.730243741481145
frankly,4.733799692695431
saved,4.734605276353058
captivated,4.736321953473742
that,4.74334372815766
45,4.744155991292484
empty,4.748167669929499
captured,4.752439684049894
fat,4.763164535831512
phenomenal,4.768239815646599
unappealing,4.778501352142564
farscape,4.779430472384204
growing,4.783465448467739
later,4.790830496160451
blair,4.79249943479018
remember,4.793127418306177
moses,4.794406938425867
semblance,4.8080484816715945
henriksen,4.811902556072708
new,4.812701764519268
wastes,4.823283350381
barrel,4.824983767926522
cast,4.829311441731671
view,4.833118439412637
wood,4.83542285477567
cleverly,4.837750070206238
between,4.844171394153149
pleased,4.846207529568856
inspiring,4.846438962115469
bigfoot,4.849746679587479
prom,4.850706867730592
biko,4.857014280976261
cheese,4.857219719046815
unlikable,4.8590692432224785
bette,4.865251142526617
ideal,4.86945636715641
touch,4.871550726462214
grudge,4.875061733555134
stilted,4.877680038459227
festival,4.88359899618766
strength,4.884085494308418
firstrate,4.884303400287123
nature,4.900412579805209
fido,4.903605647574542
coherent,4.911929368208208
tragedy,4.912159304772349
predator,4.912197881139882
miyazaki,4.921043302899058
heartfelt,4.925433862840113
generic,4.9304181195728605
clue,4.93854295390026
geena,4.940989445434695
vapid,4.941316985008196
hong,4.949434237340244
mesmerizing,4.951956736462442
french,4.96710769290927
intelligent,4.971251119229552
sort,4.9761886795230135
badness,4.977033442801985
btk,4.982230696566661
minute,4.983843550587728
satisfying,4.987702960205383
nauseating,4.996774505021817
soviet,5.0010569431085
arthur,5.004286608143085
got,5.005862658269031
mishmash,5.00756005180669
christian,5.00764211872987
thrown,5.008704422734494
lazy,5.014410703315619
expertly,5.016350398937107
rip,5.022107102843638
families,5.044002403510625
director,5.0560868254419535
sabrina,5.064093482780582
logic,5.075984195807393
sharp,5.087310261428752
novak,5.08954269385379
baldwin,5.091899595176249
elegant,5.093865920309989
dreary,5.116387449301293
steals,5.120129102248193
diesel,5.129585888078117
paper,5.1318484467907615
substandard,5.149864733556595
exquisite,5.153062590692848
moved,5.154582548743425
cave,5.165667840496221
threw,5.17530157678559
sick,5.17747254875549
rating,5.1879205326922495
muppet,5.188301961544418
nevertheless,5.190087445911831
inconsistent,5.1903023896103235
victoria,5.193546436247497
dramas,5.193692744440291
celluloid,5.19451452590064
seasons,5.195712267108024
walking,5.197655258038711
roles,5.198817292807533
gentle,5.2001082714937334
nor,5.201952312183243
hoffman,5.2138301109897816
throw,5.216503815569178
killing,5.218489124386583
elvira,5.223138280783299
gein,5.231121551195522
redeem,5.231242692102924
tolerable,5.236460794404918
gilmore,5.236705855823643
frank,5.238735800420718
meets,5.244803063980139
accent,5.249588550173924
kelly,5.253751797859454
load,5.255349000306254
nancy,5.257273588580325
bearable,5.25780926146963
chavez,5.258453583757234
bravo,5.26615397083905
istanbul,5.276722466520095
possibly,5.284237542616507
marvellous,5.285357191508834
awfulness,5.288736727351381
often,5.2902777379337245
wannabe,5.298717101955015
portrait,5.307396478041905
sitting,5.319950496786497
ramones,5.324481890269125
far,5.3249775141998
creates,5.327648069805548
thoroughly,5.329212990082951
beyond,5.33011876024204
delightfully,5.332035145283234
totally,5.338397133385673
cut,5.339541756930817
remake,5.351993146252898
sisters,5.358229116190688
name,5.368376498842811
holmes,5.369896127730145
barbara,5.37262604502077
morons,5.379689023716823
piranha,5.383903485664581
whatever,5.387195491638904
naked,5.397420806442753
sadly,5.399520461784844
sarandon,5.402346433033852
guys,5.427739708792679
emma,5.4311789694140735
flimsy,5.4398555216252955
christy,5.444656254794587
forwarding,5.445244210404989
seat,5.446721782455807
wayans,5.449137275249715
andrews,5.450165305863203
deeper,5.452960008653887
raines,5.461844080785301
sox,5.468989083205335
bible,5.469465308281247
incompetent,5.475633554221906
stupidest,5.477915675833519
hardly,5.480725098656254
rainbow,5.498819908982874
talentless,5.503404549669913
easy,5.516813005581751
topless,5.527281758606124
dreadfully,5.534170444904031
hype,5.534458115456067
cry,5.5463155453110105
hideous,5.546445774466896
muddled,5.550792951431822
failure,5.551176034822591
dumber,5.557891314696419
comedies,5.569974012512187
van,5.586535148148871
explanation,5.591536514164329
lacking,5.5917135853699484
headache,5.611518965085338
prince,5.611802380337473
songs,5.624682041298337
imdb,5.635176398309104
eisenstein,5.6433168471477355
debut,5.649213805447331
call,5.659405768976583
deeply,5.661840470676115
forced,5.669562331567816
decided,5.674557416914094
senseless,5.678846472799433
witty,5.685223812691469
stock,5.688430860535984
spend,5.692855544230243
looking,5.693887978973375
lovable,5.694195864720932
dreams,5.701925908263351
doing,5.725137314006931
sometimes,5.739043202741394
nonsensical,5.754951605475894
prot,5.759233644860319
ways,5.772329740359831
revolting,5.778381406042369
youre,5.7791239272801755
animated,5.787063188018452
viewings,5.787789509965846
some,5.790802878382784
everyday,5.794149657575723
whats,5.794520402305965
lines,5.795780878003695
raw,5.796636875549904
bugs,5.8001684735496255
won,5.80091772947652
romance,5.804651146648897
stunk,5.809446811869547
madsen,5.812926646975243
important,5.8243699611422945
flop,5.825381342340187
although,5.839197573394344
at,5.845506800291108
aliens,5.846731851969396
loneliness,5.850395273827177
pleasant,5.8530397135986725
din,5.855683301741886
komodo,5.894509521772002
enchanting,5.89755242369581
act,5.899972313513076
episode,5.9179738659451715
pleasure,5.92627628180119
dead,5.928101742420816
nope,5.928444881042131
tasteless,5.953012502642125
viewing,5.961657526074416
tiresome,5.962430817958488
fooled,5.977657087977575
bourne,5.9848192422043365
get,5.987135663153882
brought,6.000200666614681
david,6.003305772406972
chance,6.0161769178734055
tells,6.025796908550167
many,6.0258780847858695
piece,6.039831394112836
deals,6.04151419540068
annoyed,6.044947726484505
vance,6.065685057557664
columbo,6.06916192921826
dimensional,6.076011251955755
unbelievably,6.085912015156461
courage,6.086328787951743
quiet,6.087028151106994
explores,6.1032278760579715
riveting,6.114391878796756
omen,6.134735472838204
paul,6.140338090323425
travesty,6.148812483394741
credibility,6.158500189164892
rental,6.160503456757823
dude,6.162626628123901
subtitles,6.166522242713575
antwone,6.168545631250767
positive,6.177518473722113
mistake,6.1804335495828
hobgoblins,6.186039735318866
surprisingly,6.186578209128278
killjoy,6.19137404635331
uplifting,6.2017836382961615
modern,6.209628104520293
harry,6.214552565079421
zoey,6.218808878877706
scarecrows,6.220603426779986
hackneyed,6.227826152952565
miss,6.2364136375369315
generous,6.237823045248938
icet,6.24067571222087
bittersweet,6.243410490817913
simplicity,6.262640993956266
attempts,6.26978969669642
james,6.276142351291899
brain,6.280642526897305
value,6.28624864375153
loving,6.28747323780815
louis,6.293607081898994
captivating,6.311863966015726
effective,6.314936860606311
retarded,6.322125772186809
recently,6.327688198126484
eastwood,6.32910649898265
tremendous,6.342026308291343
live,6.343929424135572
ugh,6.3441976114546925
provides,6.346903227170818
sleep,6.351001036998183
plastic,6.352633644865666
actors,6.397478769751124
innocence,6.397605452894376
compelling,6.419032085680512
olds,6.423482736304232
animation,6.459176312284657
awake,6.4596199325939185
excruciatingly,6.470782779644567
splendid,6.47144496436023
sounded,6.4721363259381475
shines,6.480733031101369
childhood,6.484548116180929
father,6.4889899496332655
jimmy,6.505236882319235
lowest,6.524759186737171
fresh,6.52651997863944
era,6.538874801754012
betty,6.539412221486981
john,6.541116716994804
haines,6.546675641112136
keeps,6.548482990284683
devito,6.549308574119786
delivers,6.550163559422423
embarrassingly,6.584502776312897
soundtrack,6.6116863210774275
rory,6.620370883048492
topnotch,6.6236023670022774
dud,6.656460831018478
illogical,6.670870929700457
stay,6.677458519469402
warn,6.679182586459866
spectacular,6.695472893844133
advice,6.714562191805906
sensitive,6.738340615959256
traditional,6.762280960280432
macy,6.765810956375978
davis,6.769415569466293
sinatra,6.772464938501614
masterful,6.775369551906671
sake,6.7804943419262385
lighthearted,6.783243746531017
repetitive,6.786887673782641
ripped,6.7956174649108885
blood,6.799107069573763
want,6.820658469474907
carnosaur,6.8290980395444
chupacabra,6.839146933153027
idiot,6.859344151088319
relationships,6.877232131592157
segal,6.883826582485931
bin,6.89005025515629
chilling,6.890801387462807
gundam,6.891483671035578
wanted,6.898063467499589
saving,6.913963518980062
shots,6.929889752628408
creature,6.934367048644192
because,6.9503156819492915
happiness,6.962742835367054
scientist,6.963262527729066
youd,6.967721632504494
lackluster,6.976609166895599
alright,6.992971457358066
themes,6.998207958773819
ridiculously,7.016097850925259
offensive,7.035131330067219
terribly,7.050452985167861
wreck,7.0640985749351
kills,7.074577842102272
otherwise,7.096120018753107
nominated,7.103297251208735
natural,7.110467098813946
filmmakers,7.118293990819593
beowulf,7.1313632128604
insipid,7.132211143319232
seems,7.141373891376636
stick,7.162581231062885
made,7.175708089006115
memories,7.180784692291501
touches,7.183653779363692
city,7.207781560709206
yawn,7.210149752476254
rest,7.2304477222553185
happy,7.233548322762166
werewolf,7.23826122528696
powell,7.241891959187521
bore,7.244737910421996
moronic,7.2775137318457706
thin,7.29028567517981
original,7.293908524500822
absurd,7.295673523954746
manos,7.301341677551338
werent,7.301614855567873
010,7.315498720461923
rupert,7.315685241528476
scarecrow,7.3504301105581495
entertaining,7.353374025703856
did,7.4056575575690555
disappointed,7.422583952673752
nicely,7.425718896905098
idiots,7.434037835328109
kidding,7.447894561501226
unlike,7.447953619645337
appreciate,7.467033495736944
drags,7.467401139060913
making,7.474088672224525
shelf,7.480109873488999
surprised,7.4872788844511575
confusing,7.492472372159847
bothered,7.492994806203663
lacked,7.49457773029947
crafted,7.494592745465486
warned,7.499960214481802
played,7.502111069917915
writing,7.510669644672593
incomprehensible,7.5181174338341705
disgrace,7.537753001565514
tragic,7.573048171408058
society,7.575609447101929
cassavetes,7.5800371058473015
vampires,7.582509749739319
unimaginative,7.5891521046101555
stanwyck,7.668655935425015
godawful,7.683694894576767
abomination,7.697097190288339
overlooked,7.697930072008871
toilet,7.721312550657537
farley,7.730418282713897
custer,7.732680846963175
lemmon,7.73360312445209
experience,7.759079893874178
slasher,7.779625081377658
bmovie,7.7840674030552
notch,7.7907603299614925
touched,7.813230660868735
3000,7.830887557437599
atmosphere,7.928193376377763
hated,7.936570677626396
jokes,7.937555286854426
plays,7.94968788745833
thanks,7.957214771026044
steaming,7.960721038277347
personal,7.966516440466679
going,7.975454348296618
tony,7.9767290557120845
turd,8.004446114050324
somebody,8.012393126902605
her,8.030238260579377
yeah,8.041098942262224
utterly,8.070369589281
trite,8.079767250016328
killed,8.08413404917411
unlikeable,8.093622611167628
halfway,8.093644507440802
makers,8.094734900541681
30,8.117781002240108
ever,8.130185122482752
ensemble,8.136083557604792
flick,8.147376760157684
ponyo,8.148008800085035
fine,8.163295723485813
unusual,8.185660270270738
adds,8.197136208465247
producers,8.206027446915726
holes,8.215509005419008
project,8.216882647273898
genius,8.235062566789445
lifeless,8.253281427635361
wonder,8.254818256221757
meaningless,8.258446046346611
favor,8.265018065113097
sadness,8.28770825812453
cgi,8.299495577333774
appreciated,8.309477413330868
grade,8.320352551220676
dumbest,8.320486323400841
camcorder,8.329273418820673
promising,8.35073034830316
review,8.354636342878333
mummy,8.385705655113313
story,8.410801813374924
excellently,8.435841266716025
porno,8.450935864955884
please,8.457392134173002
to,8.480148521184507
treat,8.508429286102139
gritty,8.512646024043804
rent,8.513437358713286
unnecessary,8.5206584241438
warm,8.535665134745619
theyre,8.537692148335019
disjointed,8.546397499775342
ruined,8.548488769856338
believable,8.564663097984463
subpar,8.568787760720124
shoddy,8.606836508187602
gorgeous,8.619778435070863
edie,8.621734777275881
musical,8.635069185422555
might,8.644967605917426
scary,8.658870934484543
pitiful,8.675407843293868
stinks,8.679012306652861
unrealistic,8.691189713076756
dire,8.70396121372962
kill,8.722711596067974
relationship,8.735495172433437
enough,8.75212911006722
joy,8.771369913575857
drama,8.772931112213424
neither,8.78580123236015
paulie,8.786017416760572
whole,8.79054260861055
documentary,8.795509133049041
cannibal,8.805238616264184
basically,8.80623348043757
vhs,8.809771226717952
delight,8.818870020501613
below,8.82670929981468
believe,8.835472534542031
heartbreaking,8.87450640072123
watchable,8.878276337863362
disgusting,8.886551387810638
clichés,8.890439348881653
lovely,8.921204100372943
gripping,8.926735301343303
hours,8.928660080188841
unintentional,8.939587455298984
renting,8.952454267857233
hell,8.957116971865668
helps,8.993049460919337
inane,8.994646107787677
miscast,9.000004313063979
todays,9.004327519712128
brings,9.022732017730458
dreck,9.023033942392932
editing,9.05314724842016
holly,9.07654176546626
obnoxious,9.152550055630137
downhill,9.203115421154687
us,9.205790125812012
feelings,9.234969978291518
contrived,9.242276855157016
saying,9.245272135533948
shoot,9.269603801763106
endless,9.273144000816597
edge,9.280008050674576
ages,9.286061596438959
isnt,9.296436758433778
care,9.308267709276537
obvious,9.351248021501632
writers,9.352120911268099
cried,9.364646823071801
understated,9.377002023017813
had,9.382082859401702
unexpected,9.42860232750268
suppose,9.431664286111062
bottom,9.4615786851729
supposedly,9.46242184722367
relate,9.463331132602875
sex,9.529304714030335
unintentionally,9.588460457850228
your,9.613428631555617
haunting,9.646560070317394
poignant,9.64989268496602
embarrassment,9.673606586452806
felix,9.700961475565796
ugly,9.709776576655056
screaming,9.71469763338667
potential,9.718114034780275
paint,9.728958013997808
doesnt,9.750987073852162
thinking,9.785401411150307
nudity,9.822866914996052
ludicrous,9.975664934849412
bond,9.988400599286466
hooked,9.999344447655961
sequel,10.057883931662701
wouldnt,10.075050105706467
impressed,10.089854966173586
unoriginal,10.104453781841116
continuity,10.106597315372412
sat,10.13073427763898
obviously,10.212990561818856
useless,10.224878759640042
snakes,10.247884473732048
abysmal,10.423361052348362
tripe,10.423534602380858
horrendous,10.434588626707637
memorable,10.47275988565391
fabulous,10.484200616731249
works,10.48489587746006
laughably,10.533004377572432
adventure,10.568274780659877
pretty,10.622064399284408
god,10.625453106189699
freedom,10.63557460118088
norris,10.713956438398997
liked,10.727743796258574
cheesy,10.749090425244507
season,10.782236232600166
our,10.791012441007464
walked,10.799040816730713
marvelous,10.806492358015761
point,10.80863417349104
fascinating,10.817536680920881
sit,10.858219091790836
rented,10.865460487087173
pleasantly,10.882900100738638
seriously,10.8862007153812
episodes,10.88930063221655
noir,10.915209768184232
honestly,10.95030901371656
emotional,10.953963602479714
tries,10.96378130145398
own,10.969444221541163
exceptional,10.997451673952048
cardboard,10.999945061158288
charming,11.004024042705193
intense,11.063897303357539
killer,11.076822457555057
role,11.078006721414296
maybe,11.09041086839773
effort,11.100997306066713
blame,11.109525167024199
horror,11.144997187854418
insulting,11.168014040579493
else,11.1852448071799
amateur,11.230170897274618
so,11.26742597810808
clichéd,11.33119759646651
suck,11.381510091302783
been,11.383900740209153
stewart,11.399179165529457
something,11.426463802688872
breathtaking,11.433143803205114
available,11.51541428519974
complex,11.562700393724661
lack,11.56774362067161
supporting,11.624604739693222
premise,11.69581697476703
romantic,11.700950570899423
complete,11.707770390855707
dialog,11.763208280063743
stupidity,11.77406133144035
tears,11.80662739744259
spent,11.821713354017948
seconds,11.830748925391195
portrayal,11.836006759133646
be,11.839084719450636
shallow,11.84039762750708
timeless,11.851129840988895
as,11.903875649689613
camera,11.968604664216054
hoping,11.977288202569266
should,12.07727352234486
painfully,12.099771586341088
silly,12.124421337821946
boredom,12.13881448518731
worthless,12.243886047660094
except,12.274885693796634
porn,12.309496687985032
tale,12.380523988197883
ripoff,12.380875539673857
not,12.384392373067467
irritating,12.404071707822558
recommend,12.424088989057093
superbly,12.462910229209559
flawless,12.480814483177685
uwe,12.510981207427097
cant,12.539255563536603
write,12.599542031964626
heartwarming,12.60144878217847
mustsee,12.657442353628998
remarkable,12.66594851496965
mildly,12.717350805425664
nowhere,12.736769809599387
gore,12.754347050127652
inept,12.768333803554713
human,12.780867925023038
gives,12.78624746154075
simple,12.83671119994786
enjoy,12.848773473805547
lives,12.87420168866556
disaster,12.932363745053621
wrong,12.976312774178815
utter,12.996727745862035
dvd,13.05920934468218
extraordinary,13.065809445608071
horribly,13.068067751843246
appalling,13.07779692462158
boll,13.169092056775709
thats,13.177526682287189
will,13.189906042712822
perfection,13.235564518254117
random,13.26962741573189
music,13.344576866762948
im,13.360914906990917
junk,13.366535353215209
none,13.37516495322257
trying,13.426238865052998
cliché,13.439278405467658
nonsense,13.572845339287959
ashamed,13.605775474121753
turkey,13.6596865835039
solid,13.678896004384562
barely,13.701110977994675
embarrassed,13.769852394197487
lacks,13.770555305622258
either,13.770730896141982
skip,13.806652700365055
unforgettable,13.832871099098163
watching,13.836362928426606
still,13.849342285213105
cover,13.89222228185928
each,14.02559836926428
were,14.050474432789821
paid,14.086129289878729
seemed,14.133492436402104
horrid,14.148790156222972
90,14.16099976712322
okay,14.180392877093237
completely,14.201351327876282
apparently,14.29605441948035
idiotic,14.301695229920284
pretentious,14.336584170994767
tried,14.345117823957704
oscar,14.393244487656919
problem,14.429358765484304
drivel,14.517439679608678
forgettable,14.561276806362379
zero,14.598490640510644
if,14.609006945025715
budget,14.669567290521528
magnificent,14.721862962361346
realistic,14.737459120191218
favorites,14.754245821219822
like,14.85210965952704
rare,14.860638743698226
dialogue,15.01156626673064
do,15.06671053210344
then,15.107529718438268
miserably,15.123117630538449
different,15.25091928744219
especially,15.257636966416488
funniest,15.310008185438669
theres,15.445091617950576
incoherent,15.48796492603389
sweet,15.642046269741446
unconvincing,15.679985636018111
stunning,15.70117933856761
emotions,15.769846762689713
shows,15.807022260439528
blah,15.811989371978015
moving,15.902428732469456
years,15.946416093738213
someone,15.972501145575801
there,15.98108020091402
uninspired,15.985744605025907
recommended,16.118513174782493
bunch,16.152006530191287
plain,16.22607396752933
sucked,16.28584050364809
110,16.2935569546338
beauty,16.636455114805287
bland,16.651441160770446
captures,16.671003395052274
210,16.701998987554653
unwatchable,16.72472977573445
unbelievable,16.77987421170292
zombie,16.806595046483224
nonexistent,16.81268318997438
series,16.82784212382142
looked,16.836584848009842
enjoyable,16.943895704500683
asleep,16.95920908729419
journey,16.97555088405514
matthau,17.038744056256867
tedious,17.061833481654002
favourite,17.079500692296804
total,17.186768515601962
brilliantly,17.21722130570889
monster,17.28572045813796
would,17.289893739152532
friendship,17.319613304137263
flat,17.32181002137893
job,17.354463534034778
hilarious,17.538128010238186
zombies,17.665093740399122
true,17.715797045691907
910,17.75602274575398
off,17.78785509430525
embarrassing,17.812268503771435
actually,17.840188851751456
have,17.932249346294245
fun,18.017160473932925
young,18.085615103937165
bored,18.09973210010895
better,18.1010807566311
finest,18.15832905014396
subtle,18.207823055946974
effects,18.21121404991765
masterpiece,18.27788355059803
classic,18.358974592074603
stinker,18.46344104890484
this,18.778165136844173
wasnt,18.811461362527464
failed,18.87450078570987
fake,18.87828812366292
both,18.932537718537613
310,18.961236441439706
remotely,18.961421955992456
pile,19.079047710809604
awesome,19.07980983438693
hour,19.0886585630775
world,19.107237974646388
low,19.12708809787728
delightful,19.15544828922721
guess,19.356945582272274
mean,19.39498582720934
refreshing,19.409808439942125
guy,19.641828855361563
looks,19.64548863629478
710,20.052957697582045
atrocious,20.164192068670275
incredible,20.28306404077552
half,20.515775685122392
idea,20.56928897940051
mediocre,20.57647034846447
insult,20.639228214877065
underrated,20.85460614230294
strong,20.976863397638926
uninteresting,21.054728129369927
wasting,21.086423242251392
or,21.145183207008444
810,21.146088691780626
crappy,21.22049658250063
performance,21.234694579893876
unfortunately,21.36369829108544
anything,21.376805110394656
always,21.38834739547272
410,21.41956201261464
rubbish,21.510253204630523
painful,21.549810660864146
unique,21.723185980803706
heart,21.757475389372072
make,21.767797298320644
family,21.932146830369724
perfectly,22.17038850783302
definitely,22.190053026295672
lousy,22.24858284911448
also,22.317749778682177
and,22.364609737930667
very,22.482774999094133
performances,22.59088039148395
life,22.629304635379583
didnt,22.728106549005958
disappointing,22.751502139791285
disappointment,22.80150640156495
whatsoever,22.90465634103598
costs,23.08209197459632
mst3k,23.099691388854588
his,23.10678931569546
war,23.129635013502913
they,23.265781821747314
well,23.365984913574803
amateurish,23.407863010919392
terrific,23.41752877033215
weak,23.581116730542988
reason,23.72379036120092
seagal,23.765492596690283
powerful,23.77192053890478
wooden,24.277710614466898
dreadful,24.288580960809277
gem,24.516997737999674
any,24.552659335290464
dont,24.699489238838055
ok,24.819671111483704
1010,24.85708247335184
only,25.02983047173918
decent,25.038828145452797
greatest,25.548488080746175
could,25.593909907066106
least,25.925359524878083
joke,26.121802709354753
was,26.44471019473314
outstanding,26.481168578284986
excuse,26.73889113825517
sorry,26.766300820417634
wonderfully,26.76724481060574
trash,27.378321959003983
dumb,28.10196481998068
attempt,28.130168953868214
predictable,28.47818377394857
bother,28.935011964164637
today,29.113170472950248
couldnt,29.300649759586022
instead,29.661964203736176
movie,30.029833380933972
touching,30.184524674697172
sucks,31.065018824943564
beautifully,31.19718608633785
thing,31.36150365149831
unfunny,31.80722275814029
fails,32.62877820513455
oh,33.02709383106604
unless,33.55645905341626
save,34.15184911320737
highly,35.6634415919236
enjoyed,36.10890099084759
cheap,37.026026457961294
just,37.126388314765876
acting,37.545505302648536
redeeming,38.08070361926005
mess,38.28767284269689
why,38.59118542411863
garbage,38.68546877594528
beautiful,40.247464934442434
laughable,40.70777002277512
fantastic,40.75456763290963
badly,41.252746301724294
brilliant,42.47641925481052
annoying,42.66581682646901
plot,43.84550437452047
dull,44.043532173449364
pointless,44.2713573955056
pathetic,44.70136688919511
script,45.238910043517265
ridiculous,47.59831252228888
avoid,47.99003538938457
favorite,48.09313985145202
superb,48.696596984177134
even,51.007731426491574
wasted,51.95633368078187
supposed,52.65824981887397
perfect,53.214965658617714
amazing,55.15461169536516
loved,57.987615969475776
money,58.457636345760875
lame,58.48169639415504
best,61.2166299486332
poorly,62.76093219774623
crap,62.814226008499475
love,63.04037109705574
no,66.08162677715849
minutes,66.09040622021905
nothing,68.34690556634223
poor,76.18678423502287
wonderful,82.48394454663003
worse,89.77552327944511
boring,91.48817202657227
stupid,91.7065979211145
excellent,95.35691602619906
horrible,97.08067295070319
terrible,123.29908779286313
great,133.32697750054905
awful,137.27851634321166
waste,156.28666328646494
worst,222.0383197156275
bad,260.95039051345543
